city,country,country_code,latitude,longitude,timestamp_utc,aqi,co,no,no2,o3,so2,pm2_5,pm10,nh3
Baghdad,Iraq,IQ,33.3406,44.4009,2026-04-07T15:27:44+00:00,4,121.6,0.01,1.23,123.61,1.08,22.09,128.17,0.96
Bamenda,Cameroon,CM,5.9527,10.1582,2026-04-07T15:27:46+00:00,1,169.34,0.02,0.73,17.49,0.22,2.12,2.94,0.36
Bangkok,Thailand,TH,13.8772,100.7199,2026-04-07T15:27:47+00:00,2,187.82,0.0,1.98,49.59,0.82,15.06,22.68,1.37
Bucharest,Romania,RO,44.4323,26.1063,2026-04-07T15:27:46+00:00,3,130.45,0.04,0.68,117.37,1.64,2.85,3.71,3.09
Cape Town,South Africa,ZA,-33.9258,18.4232,2026-04-07T15:23:15+00:00,1,58.56,0.02,0.1,47.36,0.28,1.57,6.76,0.0
Gaya,India,IN,24.7833,85.0,2026-04-07T15:27:46+00:00,2,252.39,0.0,4.35,84.65,3.3,23.27,32.25,19.06
Istanbul,Turkey,TR,41.0138,28.9497,2026-04-07T15:27:45+00:00,3,126.72,0.07,0.98,100.8,3.66,7.84,9.03,4.93
Johannesburg,South Africa,ZA,-26.2023,28.0436,2026-04-07T15:27:46+00:00,1,129.98,0.63,9.51,54.43,10.6,5.12,6.38,0.14
Kanpur,India,IN,26.4667,80.35,2026-04-07T15:27:47+00:00,2,255.61,0.0,6.46,88.78,4.61,20.22,36.35,35.61
Kuala Lumpur,Malaysia,MY,3.1431,101.6865,2026-04-07T15:27:48+00:00,1,265.33,0.0,2.4,34.03,0.67,8.85,9.66,0.84
Lanzhou,China,CN,36.0564,103.7922,2026-04-07T15:27:47+00:00,2,160.01,0.0,3.84,68.8,0.9,5.86,7.74,16.67
Marseille,France,FR,43.297,5.3811,2026-04-07T15:27:45+00:00,2,128.67,0.03,0.17,97.0,0.3,4.42,8.86,0.26
Mumbai,India,IN,19.0144,72.8479,2026-04-07T15:27:47+00:00,2,119.78,0.0,0.1,60.13,0.28,13.16,40.08,0.0
Patna,India,IN,25.6,85.1167,2026-04-07T15:27:45+00:00,3,371.89,0.0,8.65,93.4,7.75,29.89,52.6,53.33
Piacenza,Italy,IT,45.0468,9.6994,2026-04-07T15:27:46+00:00,3,137.58,0.13,0.84,108.21,1.24,6.12,10.87,0.35
Prague,Czechia,CZ,50.088,14.4208,2026-04-07T15:27:46+00:00,3,130.95,0.14,0.84,117.99,1.23,6.44,7.34,4.25
Rawalpindi,Pakistan,PK,33.6007,73.0679,2026-04-07T15:27:48+00:00,2,444.09,0.0,9.66,64.6,1.9,23.02,28.54,4.24
Sofia,Bulgaria,BG,42.6975,23.3242,2026-04-07T15:27:46+00:00,3,119.5,0.05,0.37,106.96,2.64,5.11,5.84,1.92
Stockholm,Sweden,SE,59.5,18.0,2026-04-07T15:27:47+00:00,2,144.43,0.13,1.01,81.38,0.58,0.5,0.5,0.31
Toluca,Mexico,MX,19.2883,-99.6672,2026-04-07T15:27:45+00:00,1,172.62,0.76,3.61,45.21,2.39,9.96,11.73,19.45
Ulan-Ude,Russia,RU,51.8261,107.6098,2026-04-07T15:27:45+00:00,2,146.15,0.0,0.6,91.0,0.34,0.5,0.5,0.17
Vicenza,Italy,IT,45.5573,11.5409,2026-04-07T15:27:45+00:00,3,127.55,0.12,0.75,112.4,0.49,5.2,7.33,4.7
Warsaw,Poland,PL,52.23,21.01,2026-04-07T15:21:36+00:00,3,138.1,0.13,1.01,100.65,0.86,0.54,0.84,1.86
Xi'an,China,CN,34.2583,108.9286,2026-04-07T15:27:46+00:00,5,201.07,0.0,1.83,110.43,4.47,99.5,158.09,1.87
